{
  "chart": {
    "title": "GDP per capita",
    "subtitle": "This data is adjusted for inflation and for differences in the cost of living between countries.",
    "note": "This data is expressed in [international-$](#dod:int_dollar_abbreviation) at 2017 prices.",
    "citation": "World Bank (2023)",
    "originalChartUrl": "https://ourworldindata.org/grapher/gdp-per-capita-worldbank?tab=chart&stackMode=relative&country=USA~WB_LAC&v=1&csvType=filtered&useColumnShortNames=false",
    "selection": [
      "United States",
      "Germany",
      "United Kingdom",
      "France",
      "South Korea",
      "Japan",
      "China",
      "India"
    ]
  },
  "columns": {
    "GDP per capita, PPP (constant 2017 international $)": {
      "titleShort": "GDP per capita",
      "titleLong": "GDP per capita - World Bank – In constant 2017 international $",
      "descriptionShort": "This data is adjusted for inflation and for differences in the cost of living between countries.",
      "descriptionKey": [
        "This GDP per capita indicator provides information on economic growth and income levels from 1990.",
        "This data is adjusted for inflation and for differences in the cost of living between countries.",
        "This data is expressed in international-$ at 2017 prices.",
        "For GDP per capita estimates in the very long run, see the [Maddison Project Database's indicator](https://ourworldindata.org/grapher/gdp-per-capita-maddison)."
      ],
      "shortUnit": "$",
      "unit": "international-$ in 2017 prices",
      "timespan": "1990-2022",
      "type": "Numeric",
      "owidVariableId": 905490,
      "shortName": "ny_gdp_pcap_pp_kd",
      "lastUpdated": "2024-05-20",
      "nextUpdate": "2025-05-20",
      "citationShort": "World Bank (2023) – with minor processing by Our World in Data",
      "citationLong": "World Bank (2023) – with minor processing by Our World in Data. “GDP per capita – World Bank – In constant 2017 international $” [dataset]. World Bank, “World Bank World Development Indicators” [original data].",
      "fullMetadata": "https://api.ourworldindata.org/v1/indicators/905490.metadata.json"
    }
  },
  "dateDownloaded": "2024-11-14"
}