{
  "chart": {
    "title": "Child mortality vs. health expenditure",
    "subtitle": "Healthcare expenditure per capita is measured in current international-$, which adjusts for price differences between countries. Under-five mortality is the share of newborns who die before reaching the age of five.",
    "citation": "United Nations Inter-agency Group for Child Mortality Estimation (2024); Multiple sources compiled by World Bank (2024)",
    "originalChartUrl": "https://ourworldindata.org/grapher/child-mortality-vs-health-expenditure",
    "selection": []
  },
  "columns": {
    "Observation value - Indicator: Under-five mortality rate - Sex: Total - Wealth quintile: Total - Unit of measure: Deaths per 100 live births": {
      "titleShort": "Child mortality",
      "titleLong": "Child mortality",
      "descriptionShort": "Population by country, available from 10,000 BCE to 2100, based on data and estimates from different sources.",
      "descriptionKey": [],
      "shortUnit": "%",
      "unit": "deaths per 100 live births\n",
      "timespan": "1932-2022",
      "type": "Numeric",
      "owidVariableId": 988392,
      "shortName": "obs_value__indicator_under_five_mortality_rate__sex_total__wealth_quintile_total__unit_of_measure_deaths_per_100_live_births",
      "lastUpdated": "2024-09-11",
      "citationShort": "United Nations Inter-agency Group for Child Mortality Estimation (2024) – with major processing by Our World in Data",
      "citationLong": "United Nations Inter-agency Group for Child Mortality Estimation (2024) – with major processing by Our World in Data. “Child mortality” [dataset]. United Nations Inter-agency Group for Child Mortality Estimation, “United Nations Inter-agency Group for Child Mortality Estimation”; Various sources, “Population” [original data].",
      "fullMetadata": "https://api.ourworldindata.org/v1/indicators/988392.metadata.json"
    },
    "Current health expenditure per capita, PPP (current international $)": {
      "titleShort": "Current health expenditure per capita, PPP",
      "titleLong": "Current health expenditure per capita, PPP",
      "descriptionKey": [],
      "shortUnit": "$",
      "unit": "current international $",
      "timespan": "2000-2021",
      "type": "Numeric",
      "conversionFactor": 1,
      "owidVariableId": 905890,
      "shortName": "sh_xpd_chex_pp_cd",
      "lastUpdated": "2024-05-20",
      "nextUpdate": "2025-05-20",
      "citationShort": "Multiple sources compiled by World Bank (2024) – processed by Our World in Data",
      "citationLong": "Multiple sources compiled by World Bank (2024) – processed by Our World in Data. “Current health expenditure per capita, PPP” [dataset]. World Health Organization, “World Development Indicators” [original data].",
      "fullMetadata": "https://api.ourworldindata.org/v1/indicators/905890.metadata.json"
    },
    "Population (historical)": {
      "titleShort": "Population (historical)",
      "titleLong": "Population (historical)",
      "descriptionShort": "Population by country, available from 10,000 BCE to 2023, based on data and estimates from different sources.",
      "descriptionKey": [],
      "descriptionProcessing": "The population data is constructed by combining data from multiple sources:\n\n- 10,000 BCE - 1799: Historical estimates by HYDE (v3.3).\n\n- 1800 - 1949: Historical estimates by Gapminder (v7).\n\n- 1950-2023: Population records by the UN World Population Prospects (2024 revision).",
      "shortUnit": "",
      "unit": "people",
      "timespan": "-10000-2023",
      "type": "Integer",
      "owidVariableId": 953903,
      "shortName": "population_historical",
      "lastUpdated": "2024-07-15",
      "nextUpdate": "2026-07-15",
      "citationShort": "HYDE (2023); Gapminder (2022); UN WPP (2024) – with major processing by Our World in Data",
      "citationLong": "HYDE (2023); Gapminder (2022); UN WPP (2024) – with major processing by Our World in Data. “Population (historical)” [dataset]. PBL Netherlands Environmental Assessment Agency, “History Database of the Global Environment 3.3”; Gapminder, “Population v7”; United Nations, “World Population Prospects”; Gapminder, “Systema Globalis” [original data].",
      "fullMetadata": "https://api.ourworldindata.org/v1/indicators/953903.metadata.json"
    },
    "Continent": {
      "titleShort": "Continent",
      "titleLong": "Continent",
      "unit": "",
      "timespan": "",
      "type": "Continent",
      "owidVariableId": 123,
      "citationShort": " – processed by Our World in Data",
      "citationLong": " – processed by Our World in Data. “Continent” [dataset]. Our World In Data [original data].",
      "fullMetadata": "https://api.ourworldindata.org/v1/indicators/123.metadata.json"
    }
  },
  "dateDownloaded": "2024-11-07"
}